-- MySQL dump 10.13  Distrib 5.6.25, for osx10.8 (x86_64)
--
-- Host: nupicture-dev-db.cwqtmomh10su.us-west-2.rds.amazonaws.com    Database: nupicture_dev_db
-- ------------------------------------------------------
-- Server version	5.6.23-log

/*!40101 SET @OLD_CHARACTER_SET_CLIENT=@@CHARACTER_SET_CLIENT */;
/*!40101 SET @OLD_CHARACTER_SET_RESULTS=@@CHARACTER_SET_RESULTS */;
/*!40101 SET @OLD_COLLATION_CONNECTION=@@COLLATION_CONNECTION */;
/*!40101 SET NAMES utf8 */;
/*!40103 SET @OLD_TIME_ZONE=@@TIME_ZONE */;
/*!40103 SET TIME_ZONE='+00:00' */;
/*!40014 SET @OLD_UNIQUE_CHECKS=@@UNIQUE_CHECKS, UNIQUE_CHECKS=0 */;
/*!40014 SET @OLD_FOREIGN_KEY_CHECKS=@@FOREIGN_KEY_CHECKS, FOREIGN_KEY_CHECKS=0 */;
/*!40101 SET @OLD_SQL_MODE=@@SQL_MODE, SQL_MODE='NO_AUTO_VALUE_ON_ZERO' */;
/*!40111 SET @OLD_SQL_NOTES=@@SQL_NOTES, SQL_NOTES=0 */;

--
-- Table structure for table `migrations`
--

DROP TABLE IF EXISTS `migrations`;
/*!40101 SET @saved_cs_client     = @@character_set_client */;
/*!40101 SET character_set_client = utf8 */;
CREATE TABLE `migrations` (
  `migration` varchar(255) COLLATE utf8_unicode_ci NOT NULL,
  `batch` int(11) NOT NULL
) ENGINE=InnoDB DEFAULT CHARSET=utf8 COLLATE=utf8_unicode_ci;
/*!40101 SET character_set_client = @saved_cs_client */;

--
-- Dumping data for table `migrations`
--

LOCK TABLES `migrations` WRITE;
/*!40000 ALTER TABLE `migrations` DISABLE KEYS */;
INSERT INTO `migrations` VALUES ('2014_10_12_000000_create_users_table',1),('2014_10_12_100000_create_password_resets_table',1),('2015_05_28_211035_create_notifications_table',1),('2015_05_28_211312_create_posts_table',1),('2015_06_07_005408_add_post_category',1),('2015_06_09_214151_add_thumbnail_column',1),('2015_06_20_222637_create_payouts_table',1),('2015_07_10_223805_create_sections_table',1);
/*!40000 ALTER TABLE `migrations` ENABLE KEYS */;
UNLOCK TABLES;

--
-- Table structure for table `notifications`
--

DROP TABLE IF EXISTS `notifications`;
/*!40101 SET @saved_cs_client     = @@character_set_client */;
/*!40101 SET character_set_client = utf8 */;
CREATE TABLE `notifications` (
  `id` int(10) unsigned NOT NULL AUTO_INCREMENT,
  `email` varchar(254) COLLATE utf8_unicode_ci NOT NULL,
  `created_at` timestamp NOT NULL DEFAULT '0000-00-00 00:00:00',
  `updated_at` timestamp NOT NULL DEFAULT '0000-00-00 00:00:00',
  PRIMARY KEY (`id`),
  UNIQUE KEY `notifications_email_unique` (`email`)
) ENGINE=InnoDB DEFAULT CHARSET=utf8 COLLATE=utf8_unicode_ci;
/*!40101 SET character_set_client = @saved_cs_client */;

--
-- Dumping data for table `notifications`
--

LOCK TABLES `notifications` WRITE;
/*!40000 ALTER TABLE `notifications` DISABLE KEYS */;
/*!40000 ALTER TABLE `notifications` ENABLE KEYS */;
UNLOCK TABLES;

--
-- Table structure for table `password_resets`
--

DROP TABLE IF EXISTS `password_resets`;
/*!40101 SET @saved_cs_client     = @@character_set_client */;
/*!40101 SET character_set_client = utf8 */;
CREATE TABLE `password_resets` (
  `email` varchar(255) COLLATE utf8_unicode_ci NOT NULL,
  `token` varchar(255) COLLATE utf8_unicode_ci NOT NULL,
  `created_at` timestamp NOT NULL DEFAULT '0000-00-00 00:00:00',
  KEY `password_resets_email_index` (`email`),
  KEY `password_resets_token_index` (`token`)
) ENGINE=InnoDB DEFAULT CHARSET=utf8 COLLATE=utf8_unicode_ci;
/*!40101 SET character_set_client = @saved_cs_client */;

--
-- Dumping data for table `password_resets`
--

LOCK TABLES `password_resets` WRITE;
/*!40000 ALTER TABLE `password_resets` DISABLE KEYS */;
/*!40000 ALTER TABLE `password_resets` ENABLE KEYS */;
UNLOCK TABLES;

--
-- Table structure for table `payouts`
--

DROP TABLE IF EXISTS `payouts`;
/*!40101 SET @saved_cs_client     = @@character_set_client */;
/*!40101 SET character_set_client = utf8 */;
CREATE TABLE `payouts` (
  `content_type` enum('image','short_text','list','article') COLLATE utf8_unicode_ci NOT NULL,
  `base` int(11) NOT NULL,
  `per_view` int(11) NOT NULL
) ENGINE=InnoDB DEFAULT CHARSET=utf8 COLLATE=utf8_unicode_ci;
/*!40101 SET character_set_client = @saved_cs_client */;

--
-- Dumping data for table `payouts`
--

LOCK TABLES `payouts` WRITE;
/*!40000 ALTER TABLE `payouts` DISABLE KEYS */;
INSERT INTO `payouts` VALUES ('image',40,1),('short_text',40,1),('list',200,2),('article',400,3);
/*!40000 ALTER TABLE `payouts` ENABLE KEYS */;
UNLOCK TABLES;

--
-- Table structure for table `posts`
--

DROP TABLE IF EXISTS `posts`;
/*!40101 SET @saved_cs_client     = @@character_set_client */;
/*!40101 SET character_set_client = utf8 */;
CREATE TABLE `posts` (
  `id` int(10) unsigned NOT NULL AUTO_INCREMENT,
  `user_id` int(10) unsigned NOT NULL,
  `status` enum('pending_post','saved','rejected','posted') COLLATE utf8_unicode_ci NOT NULL,
  `admin_message` varchar(300) COLLATE utf8_unicode_ci DEFAULT NULL,
  `title` varchar(200) COLLATE utf8_unicode_ci NOT NULL,
  `category` enum('art','cute','design','funny','how-to','interesting','movies','news','photography','tech','tv') COLLATE utf8_unicode_ci NOT NULL,
  `summary` varchar(1000) COLLATE utf8_unicode_ci NOT NULL,
  `thumbnail_image` varchar(200) COLLATE utf8_unicode_ci NOT NULL,
  `slug` varchar(35) COLLATE utf8_unicode_ci NOT NULL,
  `views` int(10) unsigned NOT NULL,
  `posted_at` timestamp NULL DEFAULT NULL,
  `created_at` timestamp NOT NULL DEFAULT '0000-00-00 00:00:00',
  `updated_at` timestamp NOT NULL DEFAULT '0000-00-00 00:00:00',
  PRIMARY KEY (`id`),
  UNIQUE KEY `posts_slug_unique` (`slug`),
  KEY `posts_user_id_foreign` (`user_id`),
  CONSTRAINT `posts_user_id_foreign` FOREIGN KEY (`user_id`) REFERENCES `users` (`id`)
) ENGINE=InnoDB AUTO_INCREMENT=33 DEFAULT CHARSET=utf8 COLLATE=utf8_unicode_ci;
/*!40101 SET character_set_client = @saved_cs_client */;

--
-- Dumping data for table `posts`
--

LOCK TABLES `posts` WRITE;
/*!40000 ALTER TABLE `posts` DISABLE KEYS */;
INSERT INTO `posts` VALUES (1,1,'pending_post',NULL,'A Pending Post','art','Test','test.jpg','post-1',0,NULL,'2015-05-27 05:32:22','2015-05-28 01:25:43'),(2,1,'rejected','Your post was rejected because abc def ghi jlkmnop ...','A Rejected Post Short Text','cute','This should NEVER be shown','2.jpg','post-2',0,NULL,'2015-05-23 05:28:43','2015-05-26 03:25:43'),(3,1,'posted',NULL,'The Most Powerful Supercomputer in Spain, the MareNostrum','interesting','A very powerful computer in Spain is stored in a beautiful location.','super-computer-thumb.jpg','the-most-powerful-supercomputer-in-',144,'2015-07-22 03:54:23','2015-05-21 04:25:43','2015-09-05 13:19:25'),(4,1,'posted',NULL,'Dad Creates Adorable Star Wars Speeder','cute','This adorable rocker was created by a father out of some simple materials.','star-wars-thumb.jpg','dad-creates-star-wars-speeder-for-d',402,'2015-08-19 01:36:11','2015-08-19 03:25:43','2015-09-06 23:40:57'),(5,2,'posted',NULL,'3D Metal Printed Faucets','interesting','Believe it or not, these are actual functioning faucets that will soon be available for purchase.','sink-1.jpg','3d-metal-printed-faucets',176,'2015-07-24 02:34:23','2015-05-15 03:25:43','2015-09-05 13:19:15'),(6,2,'posted',NULL,'7 Awesome Cinemagraphs','photography','Cinemagraphs are GIFs that have a very particular set of looping and stillness properties.','cinemagraph-thumb.jpg','7-awesome-cinemagraphs',389,'2015-07-25 03:43:23','2015-05-15 03:25:43','2015-09-06 22:39:28'),(7,2,'posted',NULL,'Rare White Northern Lights Captured In Finland','photography','Rare white Northern Lights captured on photography.','northern-thumb.jpg','white-northern-lights',455,'2015-07-20 05:43:12','2015-05-15 03:25:43','2015-09-06 10:07:38'),(8,2,'posted',NULL,'WIRED\'s beautifully redesigned San Francisco office','photography','The tech magazine giant WIRED has recently redesigned their San Francisco office into a beautiful, modern workplace.','wired-thumb.jpg','wireds-beautifully-redesigned-san-f',347,'2015-07-21 10:34:35','2015-05-15 03:25:43','2015-09-05 13:19:31'),(10,3,'pending_post',NULL,'A Pending Post','art','A very powerful computer in Spain is stored in a beautiful location.','super-computer-1.jpg','post-10',16000,NULL,'2015-05-27 05:32:22','2015-05-28 01:25:43'),(11,3,'rejected','Your post was rejected because abc def ghi jlkmnop ...','A Rejected Post Short Text','cute','This should NEVER be shown','2.jpg','post-11',18000,NULL,'2015-05-23 05:28:43','2015-05-26 03:25:43'),(12,3,'posted',NULL,'Two Students Film Amazing 4K Video of Iceland','photography','Studying at the Stuttgart Media University in Germany, Marcus Sies and Florian Nick have captured some very beautiful shots.','two-students-film-amazing-4k-thumb.jpg','two-students-film-amazing-4k',1039,'2015-06-26 21:31:34','2015-06-21 04:25:43','2015-09-07 02:09:37'),(13,3,'posted',NULL,'11 Android Home Screens That Will Make Your Phone Standout','how-to','These great home screens can be duplicated on to your own phone by following the linked sources.','android-thumb.jpg','11-android-home-screens',1356,'2015-08-05 03:25:43','2015-08-03 03:25:43','2015-09-06 23:41:46'),(15,4,'pending_post',NULL,'Pending','art','','','post-15',0,NULL,'2015-08-06 05:32:22','2015-08-06 01:25:43'),(16,4,'rejected','Your post was rejected because abc def ghi jlkmnop ...','A Rejected Post Short Text','cute','This should NEVER be shown','2.jpg','post-16',0,NULL,'2015-05-23 05:28:43','2015-05-26 03:25:43'),(17,4,'posted',NULL,'Tesla Demos Prototype Automatic Charger','interesting','This robot arm automatically finds the charging port on Tesla vehicles.','tesla-thumb.jpg','telsa-demos-prototype-charger',428,'2015-08-06 12:33:24','2015-08-06 12:25:43','2015-09-06 23:40:14'),(18,4,'posted',NULL,'Create Your Own Personal Hologram Display','interesting','Using a CD case, an exacto knife and some pieces of page, you can create your own hologram display.','hologram-thumb.jpg','create-your-own-personal-hologram',227,'2015-08-04 13:27:32','2015-08-04 13:25:43','2015-09-07 06:47:18'),(19,4,'posted',NULL,'Game Of Polygons: Artist Recreates Characters in Low Poly','tv','An Israeli artist has recreated famous portraits of your favorite Game of Thrones characters in low poly.','got-thumb.jpg','game-of-polygons-artist',2429,'2015-08-07 20:34:12','2015-08-07 20:33:12','2015-09-06 23:28:21'),(20,4,'posted',NULL,'5 Things Every Man Should Know','how-to','Ever feel like there was a manual that you missed out on things guys should know about?','man-thumb.jpg','5-things-every-man-should-know',1133,'2015-08-07 20:44:12','2015-08-07 20:23:12','2015-09-07 01:48:29'),(21,4,'posted',NULL,'5 Videos That Will Infect You With Their Laughter','funny','','laugh-thumb.jpg','10-videos-that-will-have-you-crying',1073,'2015-08-09 14:44:12','2015-08-09 14:34:12','2015-09-06 23:32:50'),(23,1,'posted',NULL,'25 Perfectly Minimalistic Bedrooms','photography','Hopefully, these minimalistic bedrooms will give you inspiration for designing your own sleeping areas.','25-perfectly-minimalistic-bedroom-59.jpg','25-perfectly-minimalistic-bedroom-5',307,'2015-08-26 04:29:20','2015-08-26 04:28:15','2015-09-07 02:09:37'),(24,4,'posted',NULL,'Newly Weds Film Giant Music Video In One Take','cute','Guests at the wedding reception of Robert and Teresa were given 10 minutes notice organize a music video.','newly-weds-film-giant-music-video-77.jpg','newly-weds-film-giant-music-video-7',75,'2015-08-29 16:19:14','2015-08-29 16:18:38','2015-09-06 23:21:41'),(25,4,'posted',NULL,'Michael Jordan\'s Jersey from Space Jam up for Auction','movies','The jersey Michael Jordan wore during the 1996 hit film Space Jam is up for auction starting at $10,000.','michael-jordans-jersey-from-space-07.jpg','michael-jordans-jersey-from-space-0',91,'2015-08-29 19:45:38','2015-08-29 19:45:24','2015-09-07 03:17:11'),(26,1,'pending_post',NULL,'Test Post - Please Ignore','cute','Test Summary - Please Ignore','test-post-please-ignore-52.jpg','test-post-please-ignore-5',0,NULL,'2015-08-30 06:17:45','2015-08-30 06:17:45'),(27,1,'posted',NULL,'Inspiring Male Living Spaces','design','Eight living spaces that you can use to style your own home.','inspiring-male-living-spaces-93.jpg','inspiring-male-living-spaces-9',145,'2015-08-30 17:31:02','2015-08-30 17:30:15','2015-09-07 03:17:26'),(28,4,'posted',NULL,'Toddler and Little Gorilla Play Hide and Seek','cute','A toddler became part of an impromptu game of hide-and-seek with a gorilla.','toddler-and-little-gorilla-play-h-34.jpg','toddler-and-little-gorilla-play-h-3',68,'2015-09-01 00:34:26','2015-09-01 00:33:54','2015-09-07 03:25:14'),(29,4,'posted',NULL,'Awesome In-Development Indie Games','tech','Recently, there have been many games developed by indie developers that have become immensely popular. We\'ve collected a list of still in-development indie games for a taste of what\'s in store.','awesome-in-development-indie-game-70.jpg','awesome-in-development-indie-game-7',318,'2015-09-02 02:17:01','2015-09-02 02:16:19','2015-09-07 14:53:50'),(30,2,'posted',NULL,'NFL Forced Sony\'s Hand In Editing \'Concussion\'','movies','Concussion, releasing December 2015, was reportedly edited by Sony to avoid potentially defaming the NFL.','nfl-forced-sonys-hand-in-editing--68.jpg','nfl-forced-sonys-hand-in-editing--6',10,'2015-09-03 04:04:09','2015-09-03 04:03:06','2015-09-07 03:17:53'),(31,2,'posted',NULL,'10 Jealousy-Inducing Battlestations','tech','These battlestations will give you great inspiration to use for your own PC gaming/office setups.','10-fantastic-battlestations-thumb.jpg','10-fantastic-battlestations-3',1,'2015-09-07 17:33:48','2015-09-06 21:12:42','2015-09-07 17:33:48'),(32,1,'posted',NULL,'Awesome Lightsaber Fighting School','interesting','Put down that roll of wrapping paper, you can now fight the dark side with actual sabers.','awesome-lightsaber-fighting-schoo-63.jpg','awesome-lightsaber-fighting-schoo-6',51,'2015-09-07 00:18:16','2015-09-07 00:18:06','2015-09-07 04:50:13');
/*!40000 ALTER TABLE `posts` ENABLE KEYS */;
UNLOCK TABLES;

--
-- Table structure for table `sections`
--

DROP TABLE IF EXISTS `sections`;
/*!40101 SET @saved_cs_client     = @@character_set_client */;
/*!40101 SET character_set_client = utf8 */;
CREATE TABLE `sections` (
  `id` int(10) unsigned NOT NULL AUTO_INCREMENT,
  `post_id` int(10) unsigned NOT NULL,
  `type` enum('section-text','section-image','section-listnumber','section-youtube','section-source') COLLATE utf8_unicode_ci NOT NULL,
  `optional_content` varchar(200) COLLATE utf8_unicode_ci NOT NULL,
  `content` varchar(2000) COLLATE utf8_unicode_ci NOT NULL,
  `created_at` timestamp NOT NULL DEFAULT '0000-00-00 00:00:00',
  `updated_at` timestamp NOT NULL DEFAULT '0000-00-00 00:00:00',
  PRIMARY KEY (`id`),
  KEY `sections_post_id_foreign` (`post_id`),
  CONSTRAINT `sections_post_id_foreign` FOREIGN KEY (`post_id`) REFERENCES `posts` (`id`)
) ENGINE=InnoDB AUTO_INCREMENT=241 DEFAULT CHARSET=utf8 COLLATE=utf8_unicode_ci;
/*!40101 SET character_set_client = @saved_cs_client */;

--
-- Dumping data for table `sections`
--

LOCK TABLES `sections` WRITE;
/*!40000 ALTER TABLE `sections` DISABLE KEYS */;
INSERT INTO `sections` VALUES (1,5,'section-text','','American Standard has created these beautiful 3D printed faucets. The faucets are created by way of a computer guided laser which fuses powered metal into these incredible shapes. They are expected to begin to ready for production by June 2016.','0000-00-00 00:00:00','0000-00-00 00:00:00'),(2,5,'section-text','','<i>The [SLS] process democratizes design and decentralizes manufacturing, which will eventually upend the design and construction industry, along with many others. A new, more efficient business model for bespoke design could be on the horizon. This would reduce the inventory pressures that arise from mass production of personalized products, while opening up a new world for both design and construction. -American Standard</i>','0000-00-00 00:00:00','0000-00-00 00:00:00'),(3,5,'section-image','','sink-1.jpg','0000-00-00 00:00:00','0000-00-00 00:00:00'),(4,5,'section-image','','sink-2.jpg','0000-00-00 00:00:00','0000-00-00 00:00:00'),(5,5,'section-image','','sink-3.jpg','0000-00-00 00:00:00','0000-00-00 00:00:00'),(6,5,'section-image','','sink-4.jpg','0000-00-00 00:00:00','0000-00-00 00:00:00'),(7,5,'section-image','','sink-5.jpg','0000-00-00 00:00:00','0000-00-00 00:00:00'),(8,6,'section-text','','Cinemagraphs are animated images created by looping a video such that it cycles perfectly without seam between last frame and first frame. Additionally, to be considered a cinemagraph, every frame of the animation must be able to stand on it\'s own as a still frame image. Artists have created cinemagraphs from scenes from movies, self-shot videos, and even pixel art.','0000-00-00 00:00:00','0000-00-00 00:00:00'),(9,6,'section-listnumber','','','0000-00-00 00:00:00','0000-00-00 00:00:00'),(10,7,'section-text','','These white Northern Lights were captured in Finland. The Northern Lights are a beautiful display caused by emissions from the sun hitting the Earth\'s atmosphere. Even though these images look different from most Northern Lights images you\'ve seen, these images reveal a fairly common display of the Aurora Borealis. Usually, images of the Aurora Borealis are captured as having a very vibrant appearance while in reality, your eyes would see a grey-ish image closer to what you see below.','0000-00-00 00:00:00','0000-00-00 00:00:00'),(11,7,'section-image','','northern-1.jpg','0000-00-00 00:00:00','0000-00-00 00:00:00'),(12,7,'section-image','','northern-2.jpg','0000-00-00 00:00:00','0000-00-00 00:00:00'),(13,7,'section-image','','northern-3.jpg','0000-00-00 00:00:00','0000-00-00 00:00:00'),(14,8,'section-text','','Scott Dadich, the editor in chief at WIRED magazine, ordered the San Francisco office of the tech news super giant to be redesigned. <br><br>WIRED hired Gensler to give their office a new, modern look. They followed the approach taken by many Silicon Valley tech companies: open floor plans allowing for easy team communication. Some have critizied these types floor plans. Citing that these plans serve only to reduce costs of cubical walls and increase the amount of distractions that employees are faced with. Either way, we think this redesign is incredibly pleasing to look at.','0000-00-00 00:00:00','0000-00-00 00:00:00'),(15,8,'section-image','','wired-1.jpg','0000-00-00 00:00:00','0000-00-00 00:00:00'),(16,8,'section-image','','wired-2.jpg','0000-00-00 00:00:00','0000-00-00 00:00:00'),(17,8,'section-image','','wired-3.jpg','0000-00-00 00:00:00','0000-00-00 00:00:00'),(18,8,'section-image','','wired-4.jpg','0000-00-00 00:00:00','0000-00-00 00:00:00'),(19,8,'section-source','','https://www.trnk-nyc.com/stories/scott-dadich-wired/','0000-00-00 00:00:00','0000-00-00 00:00:00'),(20,3,'section-text','','This beautiful monster can found in Barcelona, Spain. It was assembled inside of a former chapel. Named after \"Mare Nostrum\", the Roman name for the Mediterranean Sea.','0000-00-00 00:00:00','0000-00-00 00:00:00'),(21,3,'section-image','','super-computer-1.jpg','0000-00-00 00:00:00','0000-00-00 00:00:00'),(22,3,'section-text','','The setup has been updated multiple times throughout it\'s 10 year history. Currently, it features 48,896 Intel Sandy Bridge processors. In each of it\'s 36 racks, there are a total of a total of 1,344 cores and 2,688GB of memory. Unfortunately, you won\'t be able play many games on it as it runs on sSUSE Linux. <br><br>The supercomputer is primarily used for reasearch: genomes, protiens and weather simulations.','0000-00-00 00:00:00','0000-00-00 00:00:00'),(23,12,'section-text','','Studying at the Stuttgart Media University in Germany, Marcus Sies and Florian Nick have captured amazing 4K footage of the landscape and wildlife of Ireland.','0000-00-00 00:00:00','0000-00-00 00:00:00'),(24,12,'section-youtube','','U3r62Np_pxY','0000-00-00 00:00:00','0000-00-00 00:00:00'),(25,12,'section-text','','The project, titled Eylenda, was shot over two weeks across the landscape of Ireland.','0000-00-00 00:00:00','0000-00-00 00:00:00'),(26,12,'section-text','Bonus Video','Check out this time lapse of Patagonia filmed in mind-blowing 8K.','0000-00-00 00:00:00','0000-00-00 00:00:00'),(27,12,'section-youtube','','ChOhcHD8fBA','0000-00-00 00:00:00','0000-00-00 00:00:00'),(28,13,'section-text','','If you\'re looking to customize your smart phone, here is some inspiration to get you started. Click on the image source links for instructions on how you can make your own Android device look like the screenshots.','0000-00-00 00:00:00','0000-00-00 00:00:00'),(29,13,'section-listnumber','Untitled','','0000-00-00 00:00:00','0000-00-00 00:00:00'),(30,13,'section-image','https://www.reddit.com/r/androidthemes/comments/3gd66m/untitled/','android-1.jpg','0000-00-00 00:00:00','0000-00-00 00:00:00'),(32,13,'section-listnumber','Moon and Circles','','0000-00-00 00:00:00','0000-00-00 00:00:00'),(33,13,'section-image','https://www.reddit.com/r/androidthemes/comments/2r9491/misc_moon_and_circles/','android-2.jpg','0000-00-00 00:00:00','0000-00-00 00:00:00'),(34,13,'section-listnumber','NightLife','','0000-00-00 00:00:00','0000-00-00 00:00:00'),(35,13,'section-image','https://www.reddit.com/r/androidthemes/comments/2z0xji/barebones_nightlife/','android-3.jpg','0000-00-00 00:00:00','0000-00-00 00:00:00'),(36,13,'section-listnumber','Feeling Like Spring','','0000-00-00 00:00:00','0000-00-00 00:00:00'),(37,13,'section-image','https://www.reddit.com/r/androidthemes/comments/32gjxm/nature_feeling_like_spring/','android-4.jpg','0000-00-00 00:00:00','0000-00-00 00:00:00'),(38,13,'section-listnumber','Going To Beach','','0000-00-00 00:00:00','0000-00-00 00:00:00'),(39,13,'section-image','https://www.reddit.com/r/androidthemes/comments/36d4vm/nature_going_to_beach/','android-5.jpg','0000-00-00 00:00:00','0000-00-00 00:00:00'),(40,13,'section-listnumber','Google Now Inspired Fall Theme','','0000-00-00 00:00:00','0000-00-00 00:00:00'),(41,13,'section-image','https://www.reddit.com/r/androidthemes/comments/2li0db/functional_google_now_inspired_fall_theme_files/','android-6.jpg','0000-00-00 00:00:00','0000-00-00 00:00:00'),(42,13,'section-listnumber','Simply Blue','','0000-00-00 00:00:00','0000-00-00 00:00:00'),(43,13,'section-image','https://www.reddit.com/r/androidthemes/comments/2ylo5b/barebones_simply_blue/','android-7.jpg','0000-00-00 00:00:00','0000-00-00 00:00:00'),(44,13,'section-listnumber','Pine Forest','','0000-00-00 00:00:00','0000-00-00 00:00:00'),(45,13,'section-image','https://www.reddit.com/r/androidthemes/comments/3fc0hv/pine_forest/','android-8.jpg','0000-00-00 00:00:00','0000-00-00 00:00:00'),(46,13,'section-listnumber','Blue Earth','','0000-00-00 00:00:00','0000-00-00 00:00:00'),(47,13,'section-image','https://www.reddit.com/r/androidthemes/comments/30ayyo/naturebarebones_blue_earth/','android-9.jpg','0000-00-00 00:00:00','0000-00-00 00:00:00'),(48,13,'section-listnumber','Frosty','','0000-00-00 00:00:00','0000-00-00 00:00:00'),(49,13,'section-image','https://www.reddit.com/r/androidthemes/comments/2nyty1/nature_frosty/','android-10.jpg','0000-00-00 00:00:00','0000-00-00 00:00:00'),(50,13,'section-listnumber','Light Rectangles','','0000-00-00 00:00:00','0000-00-00 00:00:00'),(51,13,'section-image','https://www.reddit.com/r/androidthemes/comments/2jls8d/nature_light_rectangles/','android-11.jpg','0000-00-00 00:00:00','0000-00-00 00:00:00'),(52,17,'section-text','','Telsa has taken yet another step into the future. This scary looking robotic arm, tweeted by Tesla Motors on Thursday displays a fully automatic arm that finds the charger port on the vehicle, plugs itself in, and begins charging. It almost reminds you of the sentinels from <i>The Matrix</i>','0000-00-00 00:00:00','0000-00-00 00:00:00'),(53,17,'section-youtube','','uMM0lRfX6YI','0000-00-00 00:00:00','0000-00-00 00:00:00'),(54,17,'section-text','','As of yet, the technology has no definitive release date but we suspect that it will be used in conjunction with the <a href=\"http://jalopnik.com/tesla-will-run-a-public-beta-for-model-s-autopilot-1722371968\">self-driving firmware update.</a>','0000-00-00 00:00:00','0000-00-00 00:00:00'),(55,18,'section-text','','Using some commonly found household items, you can create your own hologram. You\'ll need: <ol><li>Graph Paper</li><li>A CD Case</li><li>Tape</li><li>Pen</li><li>Scissors</li><li>Exacto Knife</li></ol> Now just follow the instructions in this video.','0000-00-00 00:00:00','0000-00-00 00:00:00'),(56,18,'section-youtube','','7YWTtCsvgvg','0000-00-00 00:00:00','0000-00-00 00:00:00'),(57,18,'section-text','','As always, be careful when using sharp tools. <a href=\"https://www.youtube.com/watch?v=Wsg8KDKVNGE\">Here is one of the videos</a> you can use with your newly created hologram viewer.','0000-00-00 00:00:00','0000-00-00 00:00:00'),(58,19,'section-text','','Israeli artist, Mordi Levi, has recreated famous portraits of Khal Drogo, Arya, Margaery, Tyrion, and Daenerys low poly.','0000-00-00 00:00:00','0000-00-00 00:00:00'),(59,19,'section-listnumber','Khal Drogo','','0000-00-00 00:00:00','0000-00-00 00:00:00'),(60,19,'section-image','','got-1.jpg','0000-00-00 00:00:00','0000-00-00 00:00:00'),(61,19,'section-listnumber','Arya','','0000-00-00 00:00:00','0000-00-00 00:00:00'),(62,19,'section-image','','got-2.jpg','0000-00-00 00:00:00','0000-00-00 00:00:00'),(63,19,'section-listnumber','Margaery','','0000-00-00 00:00:00','0000-00-00 00:00:00'),(64,19,'section-image','','got-3.jpg','0000-00-00 00:00:00','0000-00-00 00:00:00'),(65,19,'section-listnumber','Tyrion','','0000-00-00 00:00:00','0000-00-00 00:00:00'),(66,19,'section-image','','got-4.jpg','0000-00-00 00:00:00','0000-00-00 00:00:00'),(67,19,'section-listnumber','Daenerys','','0000-00-00 00:00:00','0000-00-00 00:00:00'),(68,19,'section-image','','got-5.jpg','0000-00-00 00:00:00','0000-00-00 00:00:00'),(69,19,'section-text','','Have a look at the artists page on <a href=\"https://www.behance.net/mdlv\">Behance</a> to see the entire process and other low poly creations.','0000-00-00 00:00:00','0000-00-00 00:00:00'),(70,20,'section-text','','Ever feel like there was a manual that you missed out on things guys should know about? We can\'t possibly cover everything there is to know. But, let\'s get you started with these video guides. We\'ll cover basic food preparation, buying a used vehicle, public speaking, proper exercise, and grilling.','0000-00-00 00:00:00','0000-00-00 00:00:00'),(71,20,'section-youtube','Making Healthy, Quick, and Filling Food','r0jWAbTWJQ8','0000-00-00 00:00:00','0000-00-00 00:00:00'),(72,20,'section-youtube','What To Look For When Buying A Used Car','zfKhUICmViw','0000-00-00 00:00:00','0000-00-00 00:00:00'),(73,20,'section-youtube','How To Captivate Groups Of People','rjoiVgCAD04','0000-00-00 00:00:00','0000-00-00 00:00:00'),(74,20,'section-youtube','Proper Push Ups','4dF1DOWzf20','0000-00-00 00:00:00','0000-00-00 00:00:00'),(75,20,'section-youtube','Grilling The Right Way','K5DRltODdSQ','0000-00-00 00:00:00','0000-00-00 00:00:00'),(76,21,'section-youtube','1. James May Looses It After Switching His GPS To Romanian','tND6WneJrgA','0000-00-00 00:00:00','0000-00-00 00:00:00'),(77,21,'section-youtube','2. Pie In The Face Game','jVSj1WUZ7Zk','0000-00-00 00:00:00','0000-00-00 00:00:00'),(78,21,'section-youtube','3. Father Visits The Mall With His Son','Yx2YiMALbWY','0000-00-00 00:00:00','0000-00-00 00:00:00'),(79,21,'section-youtube','4. Weatherman Reads A Shout Out To A 10 Year Old','PfFoDc4NUZA','0000-00-00 00:00:00','0000-00-00 00:00:00'),(80,21,'section-youtube','5. Family Gets A Kick Out Of Daughters Gag Reflex','AFimq-NlmI0','0000-00-00 00:00:00','0000-00-00 00:00:00'),(81,6,'section-image','http://www.reddit.com/user/relevant__comment','cinemagraph-1.gif','0000-00-00 00:00:00','0000-00-00 00:00:00'),(82,6,'section-listnumber','','','0000-00-00 00:00:00','0000-00-00 00:00:00'),(83,6,'section-image','http://bonvallet.deviantart.com','cinemagraph-2.gif','0000-00-00 00:00:00','0000-00-00 00:00:00'),(84,6,'section-listnumber','','','0000-00-00 00:00:00','0000-00-00 00:00:00'),(85,6,'section-image','','cinemagraph-3.gif','0000-00-00 00:00:00','0000-00-00 00:00:00'),(86,6,'section-listnumber','','','0000-00-00 00:00:00','0000-00-00 00:00:00'),(87,6,'section-image','','cinemagraph-4.gif','0000-00-00 00:00:00','0000-00-00 00:00:00'),(88,6,'section-listnumber','','','0000-00-00 00:00:00','0000-00-00 00:00:00'),(89,6,'section-image','https://www.reddit.com/r/Cinemagraphs/comments/3grmr3/oc_dog_days/','cinemagraph-5.gif','0000-00-00 00:00:00','0000-00-00 00:00:00'),(90,3,'section-image','','super-computer-2.jpg','0000-00-00 00:00:00','0000-00-00 00:00:00'),(91,3,'section-image','','super-computer-3.jpg','0000-00-00 00:00:00','0000-00-00 00:00:00'),(92,4,'section-text','','Father, Tez Gelmir, created this 74-Z Speeder Bike from Star Wars Return of the Jedi for his daughters first birthday. The construction is made from simple plywood, PVC pipes, and plastic mooulded via 3D printing for the curved pieces.','0000-00-00 00:00:00','0000-00-00 00:00:00'),(93,4,'section-text','','He\'s also <a href=\"http://www.instructables.com/id/Rocking-Speeder-Bike/\">posted instructions</a> so you can create your own speeder.','0000-00-00 00:00:00','0000-00-00 00:00:00'),(94,4,'section-image','','star-wars-1.jpg','0000-00-00 00:00:00','0000-00-00 00:00:00'),(95,4,'section-youtube','','NkL7DrGZtAg','0000-00-00 00:00:00','0000-00-00 00:00:00'),(96,6,'section-listnumber','','','0000-00-00 00:00:00','0000-00-00 00:00:00'),(97,6,'section-image','','cinemagraph-6.gif','0000-00-00 00:00:00','0000-00-00 00:00:00'),(98,6,'section-listnumber','','','0000-00-00 00:00:00','0000-00-00 00:00:00'),(99,6,'section-image','','cinemagraph-7.gif','0000-00-00 00:00:00','0000-00-00 00:00:00'),(102,23,'section-text','','If you\'re looking for some inspiration to modernize and minimize your bedroom, look no further. Here are 25 great examples of minimalistic bedrooms.','2015-08-26 04:28:19','2015-08-26 04:28:19'),(103,23,'section-image','','25-perfectly-minimalistic-bedroom-521.jpg','2015-08-26 04:28:15','2015-08-26 04:28:15'),(104,23,'section-image','','25-perfectly-minimalistic-bedroom-552.jpg','2015-08-26 04:28:15','2015-08-26 04:28:15'),(105,23,'section-image','','25-perfectly-minimalistic-bedroom-550.jpg','2015-08-26 04:28:15','2015-08-26 04:28:15'),(106,23,'section-image','','25-perfectly-minimalistic-bedroom-515.jpg','2015-08-26 04:28:15','2015-08-26 04:28:15'),(107,23,'section-image','','25-perfectly-minimalistic-bedroom-593.jpg','2015-08-26 04:28:15','2015-08-26 04:28:15'),(108,23,'section-image','','25-perfectly-minimalistic-bedroom-585.jpg','2015-08-26 04:28:16','2015-08-26 04:28:16'),(109,23,'section-image','','25-perfectly-minimalistic-bedroom-537.jpg','2015-08-26 04:28:16','2015-08-26 04:28:16'),(110,23,'section-image','','25-perfectly-minimalistic-bedroom-534.jpg','2015-08-26 04:28:16','2015-08-26 04:28:16'),(111,23,'section-image','','25-perfectly-minimalistic-bedroom-570.jpg','2015-08-26 04:28:16','2015-08-26 04:28:16'),(112,23,'section-image','','25-perfectly-minimalistic-bedroom-590.jpg','2015-08-26 04:28:16','2015-08-26 04:28:16'),(113,23,'section-image','','25-perfectly-minimalistic-bedroom-529.jpg','2015-08-26 04:28:16','2015-08-26 04:28:16'),(114,23,'section-image','','25-perfectly-minimalistic-bedroom-12.jpg','2015-08-26 04:28:16','2015-08-26 04:28:16'),(115,23,'section-image','','25-perfectly-minimalistic-bedroom-13.jpg','2015-08-26 04:28:17','2015-08-26 04:28:17'),(116,23,'section-image','','25-perfectly-minimalistic-bedroom-536.jpg','2015-08-26 04:28:17','2015-08-26 04:28:17'),(117,23,'section-image','','25-perfectly-minimalistic-bedroom-519.jpg','2015-08-26 04:28:17','2015-08-26 04:28:17'),(118,23,'section-image','','25-perfectly-minimalistic-bedroom-50.jpg','2015-08-26 04:28:17','2015-08-26 04:28:17'),(119,23,'section-image','','25-perfectly-minimalistic-bedroom-51.jpg','2015-08-26 04:28:17','2015-08-26 04:28:17'),(120,23,'section-image','','25-perfectly-minimalistic-bedroom-531.jpg','2015-08-26 04:28:17','2015-08-26 04:28:17'),(121,23,'section-image','','25-perfectly-minimalistic-bedroom-592.jpg','2015-08-26 04:28:17','2015-08-26 04:28:17'),(122,23,'section-image','','25-perfectly-minimalistic-bedroom-57.jpg','2015-08-26 04:28:18','2015-08-26 04:28:18'),(123,23,'section-image','','25-perfectly-minimalistic-bedroom-589.jpg','2015-08-26 04:28:18','2015-08-26 04:28:18'),(124,23,'section-image','','25-perfectly-minimalistic-bedroom-593.jpg','2015-08-26 04:28:18','2015-08-26 04:28:18'),(125,23,'section-image','','25-perfectly-minimalistic-bedroom-587.jpg','2015-08-26 04:28:18','2015-08-26 04:28:18'),(126,23,'section-image','','25-perfectly-minimalistic-bedroom-579.jpg','2015-08-26 04:28:19','2015-08-26 04:28:19'),(127,23,'section-image','','25-perfectly-minimalistic-bedroom-596.jpg','2015-08-26 04:28:19','2015-08-26 04:28:19'),(128,24,'section-youtube','','oi1syPvmAWg','2015-08-29 16:18:38','2015-08-29 16:18:38'),(129,24,'section-text','','250 guests at the wedding reception of Robert and Teresa were given (and delivered on) an epic task to star in a lip-sync music video.\r\n\r\nThe guests had 10 minutes to prepare and the entire video was filmed in one take.\r\n\r\nThis was not the only unconventional piece of the wedding, writes Robert. \n\r\n<i>If you know Robert & Teresa, it should be no surprise that this superhero-themed wedding turned into an epic mashup of all kinds of crazy. I mean, they do own a Ninja themed sushi restaurant so they quite enjoy crazy. </i> ','2015-08-29 16:18:38','2015-08-29 16:18:38'),(130,25,'section-image','','michael-jordans-jersey-from-space-037.jpg','2015-08-29 19:45:24','2015-08-29 19:45:24'),(131,25,'section-text','','If you\'re a nostalgic collector, you may want to break out your piggy bank.\r\n\r\nThe jersey Michael Jordan wore during the hit film Space Jam is up for auction on <a href=\"http://www.invaluable.com/auction-lot/michael-jordan-uniform-from-space-jam.-1715-c-ac445d5ae1\">invaluable</a>. The auction starts on October 1, 2015 and the bidding will begin at $10,000.\r\n\r\nIf you win, you\'ll receive the actual jersey and matching pair of size 38 shorts worn on set by Jordan during the filming of the 1996 film.','2015-08-29 19:45:24','2015-08-29 19:45:24'),(132,26,'section-text','','Test Content - Please Ignore','2015-08-30 06:17:45','2015-08-30 06:17:45'),(133,27,'section-text','','The design and attention that you put into your home says a lot about what you value as a person. We\'ve put together a list of actual male living spaces that will give you inspiration for your own home. \r\n\r\nMale living spaces are traditionally characterized by dark fabrics, light walls, and wooden floors. They have a bold and modern feel with a touch of coziness. ','2015-08-30 17:30:15','2015-08-30 17:30:15'),(155,27,'section-text','Senior year of undergrad studies for user <a href=\"https://www.reddit.com/user/madm0ney\">madm0ney</a>','','2015-08-30 17:30:16','2015-08-30 17:30:16'),(156,27,'section-image','','inspiring-male-living-spaces-929.jpg','2015-08-30 17:30:16','2015-08-30 17:30:16'),(157,27,'section-image','','inspiring-male-living-spaces-916.jpg','2015-08-30 17:30:15','2015-08-30 17:30:15'),(158,27,'section-text','Very cozy Indiana apartment owned by <a href=\"https://www.reddit.com/user/ad-liberation\">ad-liberation</a>','','2015-08-30 17:30:16','2015-08-30 17:30:16'),(159,27,'section-image','','inspiring-male-living-spaces-98.jpg','2015-08-30 17:30:16','2015-08-30 17:30:16'),(160,27,'section-text','Clean and modern look by <a href=\"https://www.reddit.com/user/elialitem\">elialitem</a>','','2015-08-30 17:30:17','2015-08-30 17:30:17'),(161,27,'section-image','','inspiring-male-living-spaces-911.jpg','2015-08-30 17:30:17','2015-08-30 17:30:17'),(162,27,'section-image','','inspiring-male-living-spaces-931.jpg','2015-08-30 17:30:17','2015-08-30 17:30:17'),(163,27,'section-text','Bedroom upgrade by <a href=\"https://www.reddit.com/user/Xyzzics\">Xyzzics</a>','','2015-08-30 17:30:18','2015-08-30 17:30:18'),(164,27,'section-image','','inspiring-male-living-spaces-938.jpg','2015-08-30 17:30:18','2015-08-30 17:30:18'),(165,27,'section-text','700 square foot modern Pittsburgh apartment owned by <a href=\"https://www.reddit.com/user/TheSaucyGinger\">TheSaucyGinger</a>','','2015-08-30 17:30:19','2015-08-30 17:30:19'),(166,27,'section-image','','inspiring-male-living-spaces-939.jpg','2015-08-30 17:30:19','2015-08-30 17:30:19'),(167,27,'section-image','','inspiring-male-living-spaces-941.jpg','2015-08-30 17:30:19','2015-08-30 17:30:19'),(168,27,'section-text','375 Square foot apartment in Toronto, Canada owned by <a href=\"https://www.reddit.com/user/bothsidesdoit\">bothsidesdoit</a>','','2015-08-30 17:30:20','2015-08-30 17:30:20'),(169,27,'section-image','','inspiring-male-living-spaces-917.jpg','2015-08-30 17:30:20','2015-08-30 17:30:20'),(170,27,'section-image','','inspiring-male-living-spaces-952.jpg','2015-08-30 17:30:19','2015-08-30 17:30:19'),(171,27,'section-text','Classic and cozy look by <a href=\"https://www.reddit.com/user/slktrx\">slktrx</a>','','2015-08-30 17:30:20','2015-08-30 17:30:20'),(172,27,'section-image','','inspiring-male-living-spaces-930.jpg','2015-08-30 17:30:20','2015-08-30 17:30:20'),(173,27,'section-text','Bachelor pad in Belgium owned by <a href=\"https://www.reddit.com/user/invzor\">invzor</a>','','2015-08-30 17:30:21','2015-08-30 17:30:21'),(174,27,'section-image','','inspiring-male-living-spaces-92.jpg','2015-08-30 17:30:21','2015-08-30 17:30:21'),(175,27,'section-image','','inspiring-male-living-spaces-927.jpg','2015-08-30 17:30:20','2015-08-30 17:30:20'),(176,27,'section-text','User <a href=\"https://www.reddit.com/user/Fandemonium\">Fandemonium\'s</a> first apartment','','2015-08-30 17:30:20','2015-08-30 17:30:20'),(177,27,'section-image','','inspiring-male-living-spaces-932.jpg','2015-08-30 17:30:20','2015-08-30 17:30:20'),(178,27,'section-image','','inspiring-male-living-spaces-933.jpg','2015-08-30 17:30:20','2015-08-30 17:30:20'),(179,28,'section-youtube','','q6XzwpYSmzY','2015-09-01 00:33:54','2015-09-01 00:33:54'),(180,28,'section-text','','Under the supervision of each of their parents, a toddler and young gorilla started a game of hide and seek at the Columbus Zoo in Powell, Ohio.','2015-09-01 00:33:54','2015-09-01 00:33:54'),(181,29,'section-text','','Recently, there have been many games developed by indie developers that have become immensely popular. Games like Minecraft, Fez, and Trine were all developed by small-time developers with a passion to create great games. We\'ve collected a list of indie games that are still in development. These developers put their hearts and souls into making their ideas a reality.','2015-09-02 02:16:19','2015-09-02 02:16:19'),(182,29,'section-listnumber','Muscles And Bullets','','2015-09-02 02:16:19','2015-09-02 02:16:19'),(183,29,'section-image','','awesome-in-development-indie-game-769.jpg','2015-09-02 02:16:19','2015-09-02 02:16:19'),(184,29,'section-image','','awesome-in-development-indie-game-776.jpg','2015-09-02 02:16:19','2015-09-02 02:16:19'),(185,29,'section-text','','Muscles And Bullets is a run and gun action game featuring fully destructible maps.\r\n\r\nCrazy dictator Omar created a weapon of mass destruction. International anti-terrorist alliance decided to eliminate the threat using special unit called \"Muscles And Bullets\". M&B consists of two persons: \"Bazooka\" Kurt and his partner, mechanic Sly. They will travel to the mysterious tropical island and kill Omar and his mercenaries.\r\n\r\n<a href=\"http://steamcommunity.com/sharedfiles/filedetails/?id=504950581\">Steam Greenlight</a>','2015-09-02 02:16:19','2015-09-02 02:16:19'),(186,29,'section-listnumber','Tale of Heroes','','2015-09-02 02:16:19','2015-09-02 02:16:19'),(187,29,'section-image','','awesome-in-development-indie-game-727.jpg','2015-09-02 02:16:20','2015-09-02 02:16:20'),(188,29,'section-image','','awesome-in-development-indie-game-742.jpg','2015-09-02 02:16:20','2015-09-02 02:16:20'),(189,29,'section-text','','Tale of Heroes is a punishing \"Roguelike Action-RPG\". You will create your hero and equip him/her with 4 spells or abilities from a larger pool. These spells and abilities will define that character\'s playstyle. With your hero created you take on the mission to save a village from a great evil. Slay, quest and upgrade gear! If you die you can either venture on or create a new hero and try to save the same village, but watch out for the previous hero\'s ghost!\n\r\n<a href=\"http://www.taleofheroes.com\">Developer Website</a>','2015-09-02 02:16:20','2015-09-02 02:16:20'),(190,29,'section-listnumber','Sumoman','','2015-09-02 02:16:20','2015-09-02 02:16:20'),(191,29,'section-image','','awesome-in-development-indie-game-759.jpg','2015-09-02 02:16:20','2015-09-02 02:16:20'),(192,29,'section-image','','awesome-in-development-indie-game-760.jpg','2015-09-02 02:16:20','2015-09-02 02:16:20'),(193,29,'section-text','','Sumoman is an adventure game where users play as a sumo wrestler who must discover why all the people on his island have been put into an eternal slumber. Sumoman is being developed by two brothers and has been in development for 3 years.\r\n\r\n<a href=\"http://steamcommunity.com/sharedfiles/filedetails/?id=320646954\">Steam Greenlight</a>','2015-09-02 02:16:20','2015-09-02 02:16:20'),(194,29,'section-listnumber','Vile','','2015-09-02 02:16:20','2015-09-02 02:16:20'),(195,29,'section-image','','awesome-in-development-indie-game-731.jpg','2015-09-02 02:16:20','2015-09-02 02:16:20'),(196,29,'section-text','','Vile is a 2d action roguelite about fighting demonic creatures and other horrors throughout a vile world. You must complete random objectives given to you in procedurally-generated dungeons to put a stop to the creatures forever! Vile features 2 player Co-op and 4 different maps with randomly generated levels.','2015-09-02 02:16:20','2015-09-02 02:16:20'),(197,29,'section-listnumber','Flag N Frag','','2015-09-02 02:16:20','2015-09-02 02:16:20'),(198,29,'section-image','','awesome-in-development-indie-game-778.jpg','2015-09-02 02:16:21','2015-09-02 02:16:21'),(199,29,'section-image','','awesome-in-development-indie-game-758.jpg','2015-09-02 02:16:21','2015-09-02 02:16:21'),(200,29,'section-text','','Flag N Frag is an 1-4 player couch combat game that combines turn-based strategy and board game elements with fast arcade action. Move your units across the map capturing flags while attacking other players in order to unlock and steal theirs, and a chance to backflip as many Cheat Coins from their bouncing, bleeding heads as possible. Players then cash in their Cheat Coins for random power-ups that have the potential to completely change the control over the map. It\'s a mashup of Sanrio World Smash Ball, Mario Party and Advance Wars, and will offer a dozen selectable teams and multiple unique maps for max replay value. The game also offers chaotic and unpredictable bot AI for single player fun.','2015-09-02 02:16:21','2015-09-02 02:16:21'),(201,29,'section-listnumber','Venusian Vengeance','','2015-09-02 02:16:21','2015-09-02 02:16:21'),(202,29,'section-image','','awesome-in-development-indie-game-749.jpg','2015-09-02 02:16:21','2015-09-02 02:16:21'),(203,29,'section-text','','Venusian Vengeance is a fast-paced 3D Run \'n\' Gun. In the year 200X, Canada has attacked America. They\'ve kidnapped the president, bombed major american cities, and sent in soldiers and robots. Sgt. Jon Dagger must now fight his way through the ruins of America towards the Great White North in his quest for Cold Vengeace.','2015-09-02 02:16:21','2015-09-02 02:16:21'),(204,29,'section-listnumber','[Unnamed]','','2015-09-02 02:16:21','2015-09-02 02:16:21'),(205,29,'section-image','','awesome-in-development-indie-game-730.jpg','2015-09-02 02:16:21','2015-09-02 02:16:21'),(206,29,'section-text','','This yet to be named pixel art game is arena-based 1-hit-kill action platformer with a RogueLITE single player experience, competitive multiplayer and possibly co-operative multiplayer.\r\n\r\nThe singleplayer will feature randomly generated \'rival\' characters which will develop throughout the story, as well as randomly generated friendly characters to be found within the levels.','2015-09-02 02:16:21','2015-09-02 02:16:21'),(207,30,'section-youtube','','Io6hPdC41RM','2015-09-03 04:03:06','2015-09-03 04:03:06'),(208,30,'section-text','','\'Concussion\', the movie about Dr. Bennet Omalu (played by Will Smith) exposing a disease potentially affecting professional football players, was reportedly edited by Sony to avoid potentially defaming the NFL\r\n\r\nThe events came to light after the late 2014 Sony hacks revealed a chain of emails between the director and Sony.','2015-09-03 04:03:06','2015-09-03 04:03:06'),(209,31,'section-listnumber','Bedroom setup by /u/notkiel','','2015-09-06 21:12:42','2015-09-06 21:12:42'),(210,31,'section-image','','10-fantastic-battlestations-370.jpg','2015-09-06 21:12:43','2015-09-06 21:12:43'),(211,31,'section-text','','In this cozy bedroom setup, /u/notkiel has dual 23\" edge to edge Asus monitors sitting on a custom-made monitor stand. He is using a Razer Blackwidow Tournament Edition keyboard and Logitech G700S. Yellow LED bars placed behind the monitor stand give the room a warm and welcoming look especially against the frosted glass.','2015-09-06 21:12:43','2015-09-06 21:12:43'),(212,31,'section-listnumber','Student Battlestation 2.0 by /u/prescription_artist','','2015-09-06 21:12:43','2015-09-06 21:12:43'),(213,31,'section-image','','10-fantastic-battlestations-330.jpg','2015-09-06 21:12:44','2015-09-06 21:12:44'),(214,31,'section-text','','This clean and minimalistic office setup has lots of of open desk space for designing. On top of the IKEA desk sits two Acer 23\" monitors and a unique LED pixel clock made by MagicFly. Over the desk, a 46\" Samsung TV hooked up to a Chromecast and XBOX One.','2015-09-06 21:12:44','2015-09-06 21:12:44'),(215,31,'section-listnumber','Post College by /u/CyberNinja89','','2015-09-06 21:12:44','2015-09-06 21:12:44'),(216,31,'section-image','','10-fantastic-battlestations-392.jpg','2015-09-06 21:12:44','2015-09-06 21:12:44'),(217,31,'section-text','','This LED studded setup is the owners first setup after graduating college. It features three Asus monitors being driven by the PC dubbed Tronika. Tronika was piece together over four years. The LEDs on this setup can be remotely changed to any color.','2015-09-06 21:12:44','2015-09-06 21:12:44'),(218,31,'section-listnumber','Upgraded Battlestation by /u/CodeSamurai','','2015-09-06 21:12:44','2015-09-06 21:12:44'),(219,31,'section-image','','10-fantastic-battlestations-33.jpg','2015-09-06 21:12:45','2015-09-06 21:12:45'),(220,31,'section-text','','This super clean battle station features a single giant 34\" 3440x1440 LG display sitting on a repurposed Mangowood desk. The machine itself is a powerhouse -- featuing a NVIDIA 980 GTX, 16 Gigs of RAM, and 6 Core i7 5820k.\r\n','2015-09-06 21:12:45','2015-09-06 21:12:45'),(221,31,'section-listnumber','Ultrawide by /u/nagakura','','2015-09-06 21:12:45','2015-09-06 21:12:45'),(222,31,'section-image','','10-fantastic-battlestations-359.jpg','2015-09-06 21:12:45','2015-09-06 21:12:45'),(223,31,'section-text','','Another setup featuring an ultra wide monitor. This one is a Dell 34\" curved monitor. The owner has also setup ambient LED lighting behind the monitor.','2015-09-06 21:12:45','2015-09-06 21:12:45'),(224,31,'section-listnumber','The Jungle by /u/RetroMads','','2015-09-06 21:12:45','2015-09-06 21:12:45'),(225,31,'section-image','','10-fantastic-battlestations-329.jpg','2015-09-06 21:12:45','2015-09-06 21:12:45'),(226,31,'section-text','','Clean yet rugged triple monitor setup. The owner has setup three 24\" Asus LED displays. To top it all off, an M4 airsoft gun hanging on the wall.','2015-09-06 21:12:45','2015-09-06 21:12:45'),(227,31,'section-listnumber','Door Desk by /u/PoopedMySpaceSuit','','2015-09-06 21:12:45','2015-09-06 21:12:45'),(228,31,'section-image','','10-fantastic-battlestations-350.jpg','2015-09-06 21:12:46','2015-09-06 21:12:46'),(229,31,'section-text','','This ultramodern/70\'s setup uses a $30 wooden door as a desk. We really enjoyed this setup because of the beautiful pairing of modern minimalism while remaining practical while also featuring retro cameras.','2015-09-06 21:12:46','2015-09-06 21:12:46'),(230,31,'section-listnumber','Windows and Mac Setup by /u/BananaHamSalad','','2015-09-06 21:12:46','2015-09-06 21:12:46'),(231,31,'section-image','','10-fantastic-battlestations-373.jpg','2015-09-06 21:12:46','2015-09-06 21:12:46'),(232,31,'section-text','','This setup uses a 34\" LG Ultrawide monitor running off a Macbook Pro and a Windows 10 PC. Don\'t let the minimal look of this setup fool you, the monitor itself will run you almost $1000. The desk in this setup is an IKEA Galant T-Leg with the ALEX Add-on.','2015-09-06 21:12:46','2015-09-06 21:12:46'),(233,31,'section-listnumber','mATX by /u/x4ngus','','2015-09-06 21:12:46','2015-09-06 21:12:46'),(234,31,'section-image','','10-fantastic-battlestations-337.jpg','2015-09-06 21:12:47','2015-09-06 21:12:47'),(235,31,'section-text','','This gamers dream features an Intel core i7 (using a Liquid CPU cooler), 16GB of RAM, 2 SSDs each 240GB with an additional 3TB HDD, GTX 780 3GB, and a 28\" Samsung display.','2015-09-06 21:12:47','2015-09-06 21:12:47'),(236,31,'section-listnumber','Battlestation by /u/shiznifterflifen','','2015-09-06 21:12:47','2015-09-06 21:12:47'),(237,31,'section-image','','10-fantastic-battlestations-33.jpg','2015-09-06 21:12:48','2015-09-06 21:12:48'),(238,31,'section-text','','This battle station features a custom made stained and polycrylic coated desk. The cables are grouped together behind the desk and held up via velcro straps attached to the desk. The case displayed is a NZXT H440 with an LED kit. The entire PC build cost $1150.','2015-09-06 21:12:48','2015-09-06 21:12:48'),(239,32,'section-youtube','','emrSVgJ_x5I','2015-09-07 00:18:06','2015-09-07 00:18:06'),(240,32,'section-text','','For only $80 a month, a company in Singapore will lend you a lightsaber and teach you how to swing it like Obi Wan. The Saber Authority uses real sword fighting techniques to teach just about anyone the fundamentals of striking and attack combinations. The group meets every Sunday evening at The Deck at Ang Mo Kio.\r\n\r\nThese guys aren\'t just messing around with lightsabers from Toys R Us, the sabers range in price from $400 to $900. If you\'re tired of messing around with a roll of wrapping paper and you\'re in the area, The Saber Authority might be just be for you.','2015-09-07 00:18:06','2015-09-07 00:18:06');
/*!40000 ALTER TABLE `sections` ENABLE KEYS */;
UNLOCK TABLES;

--
-- Table structure for table `users`
--

DROP TABLE IF EXISTS `users`;
/*!40101 SET @saved_cs_client     = @@character_set_client */;
/*!40101 SET character_set_client = utf8 */;
CREATE TABLE `users` (
  `id` int(10) unsigned NOT NULL AUTO_INCREMENT,
  `username` varchar(60) COLLATE utf8_unicode_ci NOT NULL,
  `email` varchar(254) COLLATE utf8_unicode_ci NOT NULL,
  `password` varchar(60) COLLATE utf8_unicode_ci NOT NULL,
  `status` enum('good','warning','unconfirmed') COLLATE utf8_unicode_ci NOT NULL,
  `confirmation_code` varchar(16) COLLATE utf8_unicode_ci DEFAULT NULL,
  `publisher_id` varchar(255) COLLATE utf8_unicode_ci NOT NULL,
  `remember_token` varchar(100) COLLATE utf8_unicode_ci DEFAULT NULL,
  `created_at` timestamp NOT NULL DEFAULT '0000-00-00 00:00:00',
  `updated_at` timestamp NOT NULL DEFAULT '0000-00-00 00:00:00',
  PRIMARY KEY (`id`),
  UNIQUE KEY `users_username_unique` (`username`),
  UNIQUE KEY `users_email_unique` (`email`)
) ENGINE=InnoDB AUTO_INCREMENT=12 DEFAULT CHARSET=utf8 COLLATE=utf8_unicode_ci;
/*!40101 SET character_set_client = @saved_cs_client */;

--
-- Dumping data for table `users`
--

LOCK TABLES `users` WRITE;
/*!40000 ALTER TABLE `users` DISABLE KEYS */;
INSERT INTO `users` VALUES (1,'MudMatter1','email1@gmail.com','$2y$10$9GQTejVhZaNUJ51kZ4Nyfup9aWNh/tHdOCDYR2uOANG9rStfyXRCG','good','1234567890ABCDE1','pub-6621729644063575','dhbOhQoLbrKq9IbnQ41kuvtOz4aqDd2OsJ3l7NYUPrfgbSEGhu4jUPhriKPD','0000-00-00 00:00:00','2015-09-03 03:44:30'),(2,'2eadaliz','email2@gmail.com','$2y$10$5433UCVOF/JxwupuTLG4.u70BrjR6jdykWtQUnEf.rnLY6Z8jYgNO','good','1234567890ABCDE2','pub-6621729644063575','Fyouo6uZk07F6OwAmKWTtsJvuQks7zGrxfBsXr6ropTEQQKYFpWR6EedWY2D','0000-00-00 00:00:00','2015-09-06 21:12:58'),(3,'Network3Dipity','email3@gmail.com','$2y$10$MFBjH5rHRb48HcrQy4JLuuxz4PN94EN8Y8K.DhnHceR5pKFgui3KS','unconfirmed','1234567890ABCDE3','pub-6621729644063575','6ebfWFv8JnJDD6RDCvqo2kT2J7NyQIi2PMDPkxRxSS70MVLG0XOxUn73rZx0','0000-00-00 00:00:00','2015-08-30 06:13:50'),(4,'MamaJama04','email4@gmail.com','$2y$10$DQBxjL7AMjmEF1sX34BDF.jBdSx0jI/X.rSgHYnhsYWn3skjfG3c6','warning','1234567890ABCDE4','pub-6621729644063575','yVs1CAGFYSr6De1yGB84bT55NNkN8AhoUDS4RtzUoGenzFaggJ2ds64WDgWX','0000-00-00 00:00:00','2015-09-02 03:49:45'),(6,'deadfire56','***REMOVED***','$2y$10$/u4gbjYSRJztGxhw5qE6qOSZmja71ZPHqeQ8QD8r2eGUT2xN5D3Vi','good','CEFTUKeDBWDqG0t2','pub-1234567891111111',NULL,'2015-08-25 03:17:18','2015-08-25 03:18:43'),(7,'***REMOVED***','***REMOVED***','$2y$10$tlKG0dMXRsE/YxPRAkqz4exo0hRSWLBQF.Sw8iGU8WgOJRHcBZpjW','good','uGwLguQvMNfbKU98','pub-0317641938016380',NULL,'2015-08-25 14:08:13','2015-08-25 14:08:47'),(8,'mrdprince','***REMOVED***','$2y$10$HV11VoFt0jFS8Q8R4gShx.wm3nL6bEXLEnCxZb6j8d23Kg66jL5O2','good','jIQmHe2sLgl1XR58','pub-0785095430378559',NULL,'2015-08-30 03:48:02','2015-08-31 02:38:07'),(11,'deadfire55','***REMOVED***','$2y$10$USiV5qZlXpbER1ozfdBzQ.ZnZLzpEiChygP9bi7dITrcz.DH7fy..','good','6oHhHIlyDo2wzNsO','pub-1234567891111111','dj90BXpx2upam8VV6x6rsNcMN3W8Bn4NTt5kOkqDxO3nSe6jH5QX73mr2aej','2015-09-01 03:36:50','2015-09-07 00:12:23');
/*!40000 ALTER TABLE `users` ENABLE KEYS */;
UNLOCK TABLES;
/*!40103 SET TIME_ZONE=@OLD_TIME_ZONE */;

/*!40101 SET SQL_MODE=@OLD_SQL_MODE */;
/*!40014 SET FOREIGN_KEY_CHECKS=@OLD_FOREIGN_KEY_CHECKS */;
/*!40014 SET UNIQUE_CHECKS=@OLD_UNIQUE_CHECKS */;
/*!40101 SET CHARACTER_SET_CLIENT=@OLD_CHARACTER_SET_CLIENT */;
/*!40101 SET CHARACTER_SET_RESULTS=@OLD_CHARACTER_SET_RESULTS */;
/*!40101 SET COLLATION_CONNECTION=@OLD_COLLATION_CONNECTION */;
/*!40111 SET SQL_NOTES=@OLD_SQL_NOTES */;

-- Dump completed on 2015-09-07 12:45:24
